https://static.nike.com/a/images/t_PDP_1280_v1/f_auto,q_auto:eco/14de6943-8c87-4b9b-9585-80dea96a70d3/air-max-97-mens-shoes-LJmK45.png,nike,shoes,$50
https://static.nike.com/a/images/t_PDP_1280_v1/f_auto,q_auto:eco/14de6943-8c87-4b9b-9585-80dea96a70d3/air-max-97-mens-shoes-LJmK45.png,nike,shoes,$50
https://static.nike.com/a/images/t_PDP_1280_v1/f_auto,q_auto:eco/14de6943-8c87-4b9b-9585-80dea96a70d3/air-max-97-mens-shoes-LJmK45.png,nike,shoes,$50
https://static.nike.com/a/images/t_PDP_1280_v1/f_auto,q_auto:eco/14de6943-8c87-4b9b-9585-80dea96a70d3/air-max-97-mens-shoes-LJmK45.png,nike,shoes,$50
https://static.nike.com/a/images/t_PDP_1280_v1/f_auto,q_auto:eco/14de6943-8c87-4b9b-9585-80dea96a70d3/air-max-97-mens-shoes-LJmK45.png,nike,shoes,$50
https://static.nike.com/a/images/t_PDP_1280_v1/f_auto,q_auto:eco/14de6943-8c87-4b9b-9585-80dea96a70d3/air-max-97-mens-shoes-LJmK45.png,nike,shoes,$50
https://static.nike.com/a/images/t_PDP_1280_v1/f_auto,q_auto:eco/14de6943-8c87-4b9b-9585-80dea96a70d3/air-max-97-mens-shoes-LJmK45.png,nike,shoes,$50
https://static.nike.com/a/images/t_PDP_1280_v1/f_auto,q_auto:eco/14de6943-8c87-4b9b-9585-80dea96a70d3/air-max-97-mens-shoes-LJmK45.png,nike,shoes,$50
https://static.nike.com/a/images/t_PDP_1280_v1/f_auto,q_auto:eco/14de6943-8c87-4b9b-9585-80dea96a70d3/air-max-97-mens-shoes-LJmK45.png,nike,shoes,$50
https://static.nike.com/a/images/t_PDP_1280_v1/f_auto,q_auto:eco/14de6943-8c87-4b9b-9585-80dea96a70d3/air-max-97-mens-shoes-LJmK45.png,nike,shoes,$50
https://static.nike.com/a/images/t_PDP_1280_v1/f_auto,q_auto:eco/14de6943-8c87-4b9b-9585-80dea96a70d3/air-max-97-mens-shoes-LJmK45.png,nike,shoes,$50
https://static.nike.com/a/images/t_PDP_1280_v1/f_auto,q_auto:eco/14de6943-8c87-4b9b-9585-80dea96a70d3/air-max-97-mens-shoes-LJmK45.png,nike,shoes,$50
https://static.nike.com/a/images/t_PDP_1280_v1/f_auto,q_auto:eco/14de6943-8c87-4b9b-9585-80dea96a70d3/air-max-97-mens-shoes-LJmK45.png,nike,shoes,$50
https://static.nike.com/a/images/t_PDP_1280_v1/f_auto,q_auto:eco/14de6943-8c87-4b9b-9585-80dea96a70d3/air-max-97-mens-shoes-LJmK45.png,nike,shoes,$50
https://static.nike.com/a/images/t_PDP_1280_v1/f_auto,q_auto:eco/14de6943-8c87-4b9b-9585-80dea96a70d3/air-max-97-mens-shoes-LJmK45.png,nike,shoes,$50
https://static.nike.com/a/images/t_PDP_1280_v1/f_auto,q_auto:eco/14de6943-8c87-4b9b-9585-80dea96a70d3/air-max-97-mens-shoes-LJmK45.png,nike,shoes,$50